{
    "camera": {
        "fov": 100,
        "position": [
            -0.06912559270858765,
            1.0494400262832642,
            3.053093910217285
        ],
        "target": [
            3.2925942795432626,
            0.14933315311693562,
            0.7166376468010653
        ],
        "startAnim": "none",
        "animTrack": null
    },
    "background": {
        "color": [
            0.4,
            0.4,
            0.4
        ]
    },
    "animTracks": []
}