{
    "camera": {
        "fov": 75,
        "position": [
            -0.2184576839208603,
            -0.8809179067611694,
            -0.7228862643241882
        ],
        "target": [
            0.026477590896961112,
            -1.5396275968787247,
            3.5250639736753575
        ],
        "startAnim": "none",
        "animTrack": null
    },
    "background": {
        "color": [
            0.4,
            0.4,
            0.4
        ]
    },
    "animTracks": []
}