{
    "camera": {
        "fov": 75,
        "position": [
            -2.0653252601623535,
            2.276400566101074,
            -5.558242321014404
        ],
        "target": [
            0.7932218298837346,
            0.4600894848494035,
            1.4464135980555424
        ],
        "startAnim": "none",
        "animTrack": null
    },
    "background": {
        "color": [
            0.4,
            0.4,
            0.4
        ]
    },
    "animTracks": []
}