{
    "camera": {
        "fov": 60,
        "position": [
            2.81599760055542,
            -1.1802741289138794,
            0.16933749616146088
        ],
        "target": [
            -1.2680375350369204,
            -1.7281977734489404,
            -0.631918328594872
        ],
        "startAnim": "none",
        "animTrack": null
    },
    "background": {
        "color": [
            0.4,
            0.4,
            0.4
        ]
    },
    "animTracks": []
}